,precision,recall,f1-score,support
0,0.8372513562386981,0.8964181994191674,0.865825151940159,1033.0
1,0.6445182724252492,0.5187165775401069,0.5748148148148148,374.0
accuracy,0.7960199004975125,0.7960199004975125,0.7960199004975125,0.7960199004975125
macro avg,0.7408848143319736,0.7075673884796372,0.7203199833774869,1407.0
weighted avg,0.786020245118421,0.7960199004975125,0.7884705918229744,1407.0
