{
  "logistic_regression": 0.8379531606711152,
  "random_forest": 0.8358410423924917,
  "xgboost": 0.8407343752426607
}